Morbi accumsan laoreet ipsum. Curabitur;Lane R. Rush;Anamur
convallis erat, eget tincidunt dui augue eu tellus. Phasellus;Debra V. Casey;Foligno
elit erat vitae risus. Duis a;Kuame M. Mercer;Mazy
aliquet odio. Etiam ligula tortor, dictum eu, placerat eget, venenatis;Jessica L. Bender;Duque de Caxias
vitae nibh. Donec est mauris,;Wallace Z. Wolf;Cap-Saint-Ignace
Quisque fringilla euismod enim. Etiam gravida molestie;James R. Dennis;Fiumara
lobortis quam a felis ullamcorper;Quynn V. Blanchard;New Quay
congue. In scelerisque scelerisque dui. Suspendisse ac metus vitae velit;Clio R. Gonzalez;Alto del Carmen
tellus. Suspendisse sed dolor. Fusce;Alden Mason;Piringen
pretium aliquet, metus urna convallis erat, eget tincidunt dui augue;Duncan G. Nolan;Tallahassee
fermentum risus, at fringilla purus mauris;Wallace S. Berg;Ville-en-Hesbaye
Donec elementum, lorem ut aliquam iaculis, lacus;Morgan Mercer;Massemen
varius ultrices, mauris ipsum porta elit, a feugiat tellus;Abdul G. Delaney;Vliermaalroot
justo sit amet nulla. Donec non justo. Proin;Cameran D. Hubbard;Jauchelette
eu sem. Pellentesque ut ipsum ac mi eleifend egestas.;September Farley;Steenhuffel
nostra, per inceptos hymenaeos. Mauris ut quam;Noelani O. Pickett;Arsi√®
In at pede. Cras vulputate velit eu;Bianca X. Rosales;Sutton
enim, sit amet ornare lectus justo eu arcu. Morbi sit;Harlan Beard;Breda
Suspendisse dui. Fusce diam nunc, ullamcorper eu,;Charles Burgess;Cranbrook